File_name;Strategy;Vertices;Edges;NbAchro;w/ NValue (ms);w/o NValue (ms)
k5_minus_3_focused;DEFAULT;5;7;4;440;155
k5_minus_3_focused;MINDOM;5;7;4;52;37
k5_minus_3_focused;MAXCONSTRAINTS;5;7;4;161;116
k5_minus_3_focused;DOMOVERWDEG;5;7;4;29;28
k5_minus_3_focused;ACTIVITY;5;7;4;84;92
k5_minus_3_focused;INTVAR;5;7;4;36;48
k5_minus_3_focused;RANDOM;5;7;4;313;195
k10;DEFAULT;10;45;10;968;685
k10;MINDOM;10;45;10;190;222
k10;MAXCONSTRAINTS;10;45;10;151;239
k10;DOMOVERWDEG;10;45;10;120;452
k10;ACTIVITY;10;45;10;591;658
k10;INTVAR;10;45;10;131;111
k10;RANDOM;10;45;10;136;176
k11;DEFAULT;11;55;11;302;343
k11;MINDOM;11;55;11;165;177
k11;MAXCONSTRAINTS;11;55;11;287;234
k11;DOMOVERWDEG;11;55;11;183;234
k11;ACTIVITY;11;55;11;767;768
k11;INTVAR;11;55;11;160;175
k11;RANDOM;11;55;11;214;207
k12;DEFAULT;12;66;12;637;617
k12;MINDOM;12;66;12;250;244
k12;MAXCONSTRAINTS;12;66;12;361;324
k12;DOMOVERWDEG;12;66;12;268;305
k12;ACTIVITY;12;66;12;3528;3525
k12;INTVAR;12;66;12;293;246
k12;RANDOM;12;66;12;300;373
k13;DEFAULT;13;78;13;1452;6801
k13;MINDOM;13;78;13;342;353
k13;MAXCONSTRAINTS;13;78;13;569;1524
k13;DOMOVERWDEG;13;78;13;380;482
k13;ACTIVITY;13;78;13;1421;1465
k13;INTVAR;13;78;13;439;350
k13;RANDOM;13;78;13;447;500
k14;DEFAULT;14;91;14;26766;4574
k14;MINDOM;14;91;14;574;574
k14;MAXCONSTRAINTS;14;91;14;719;703
k14;DOMOVERWDEG;14;91;14;585;589
k14;ACTIVITY;14;91;14;6274;7493
k14;INTVAR;14;91;14;570;698
k14;RANDOM;14;91;14;1208;957
k15;DEFAULT;15;105;15;3519;3899
k15;MINDOM;15;105;15;791;897
k15;MAXCONSTRAINTS;15;105;15;1929;2036
k15;DOMOVERWDEG;15;105;15;2270;855
k15;ACTIVITY;15;105;15;9543;10113
k15;INTVAR;15;105;15;1738;1068
k15;RANDOM;15;105;15;1917;1171
k16;DEFAULT;16;120;16;38814;18675
k16;MINDOM;16;120;16;1816;2734
k16;MAXCONSTRAINTS;16;120;16;4134;1548
k16;DOMOVERWDEG;16;120;16;2151;3505
k16;ACTIVITY;16;120;16;13502;13151
k16;INTVAR;16;120;16;1276;3143
k16;RANDOM;16;120;16;1573;3451
k3;DEFAULT;3;3;3;2;1
k3;MINDOM;3;3;3;0;2
k3;MAXCONSTRAINTS;3;3;3;1;2
k3;DOMOVERWDEG;3;3;3;1;2
k3;ACTIVITY;3;3;3;1;2
k3;INTVAR;3;3;3;1;2
k3;RANDOM;3;3;3;2;1
k4;DEFAULT;4;6;4;4;3
k4;MINDOM;4;6;4;2;2
k4;MAXCONSTRAINTS;4;6;4;2;3
k4;DOMOVERWDEG;4;6;4;2;3
k4;ACTIVITY;4;6;4;2;3
k4;INTVAR;4;6;4;2;3
k4;RANDOM;4;6;4;2;73
k5;DEFAULT;5;10;5;7;6
k5;MINDOM;5;10;5;4;5
k5;MAXCONSTRAINTS;5;10;5;5;5
k5;DOMOVERWDEG;5;10;5;5;7
k5;ACTIVITY;5;10;5;5;6
k5;INTVAR;5;10;5;5;6
k5;RANDOM;5;10;5;9;7
k6;DEFAULT;6;15;6;26;16
k6;MINDOM;6;15;6;10;11
k6;MAXCONSTRAINTS;6;15;6;12;13
k6;DOMOVERWDEG;6;15;6;11;11
k6;ACTIVITY;6;15;6;9;11
k6;INTVAR;6;15;6;79;13
k6;RANDOM;6;15;6;13;12
k7;DEFAULT;7;21;7;33;34
k7;MINDOM;7;21;7;21;20
k7;MAXCONSTRAINTS;7;21;7;25;26
k7;DOMOVERWDEG;7;21;7;25;23
k7;ACTIVITY;7;21;7;85;92
k7;INTVAR;7;21;7;33;24
k7;RANDOM;7;21;7;31;25
k8;DEFAULT;8;28;8;383;288
k8;MINDOM;8;28;8;38;37
k8;MAXCONSTRAINTS;8;28;8;48;48
k8;DOMOVERWDEG;8;28;8;59;41
k8;ACTIVITY;8;28;8;100;102
k8;INTVAR;8;28;8;38;38
k8;RANDOM;8;28;8;46;46
k9;DEFAULT;9;36;9;178;157
k9;MINDOM;9;36;9;68;66
k9;MAXCONSTRAINTS;9;36;9;99;90
k9;DOMOVERWDEG;9;36;9;69;71
k9;ACTIVITY;9;36;9;571;572
k9;INTVAR;9;36;9;62;64
k9;RANDOM;9;36;9;81;80
k5_minus_2_linked;DEFAULT;5;8;4;44;29
k5_minus_2_linked;MINDOM;5;8;4;11;12
k5_minus_2_linked;MAXCONSTRAINTS;5;8;4;200;57
k5_minus_2_linked;DOMOVERWDEG;5;8;4;16;13
k5_minus_2_linked;ACTIVITY;5;8;4;33;42
k5_minus_2_linked;INTVAR;5;8;4;13;11
k5_minus_2_linked;RANDOM;5;8;4;197;55
k5_minus_2_independant;DEFAULT;5;8;3;13;17
k5_minus_2_independant;MINDOM;5;8;3;11;14
k5_minus_2_independant;MAXCONSTRAINTS;5;8;3;21;14
k5_minus_2_independant;DOMOVERWDEG;5;8;3;14;9
k5_minus_2_independant;ACTIVITY;5;8;3;18;42
k5_minus_2_independant;INTVAR;5;8;3;6;13
k5_minus_2_independant;RANDOM;5;8;3;13;11
contiguous-usa;DEFAULT;49;107;11;100988;123345
contiguous-usa;MINDOM;49;107;8;72638;76878
contiguous-usa;MAXCONSTRAINTS;49;107;10;73393;74820
contiguous-usa;DOMOVERWDEG;49;107;8;70368;66457
contiguous-usa;ACTIVITY;49;107;10;93702;100882
contiguous-usa;INTVAR;49;107;8;72066;77469
contiguous-usa;RANDOM;49;107;10;72179;74091
myciel3.col;DEFAULT;11;20;6;61337;60363
myciel3.col;MINDOM;11;20;6;62615;62820
myciel3.col;MAXCONSTRAINTS;11;20;6;60883;60398
myciel3.col;DOMOVERWDEG;11;20;6;61385;62430
myciel3.col;ACTIVITY;11;20;6;27359;60814
myciel3.col;INTVAR;11;20;6;62641;62939
myciel3.col;RANDOM;11;20;6;60844;60385
petersen;DEFAULT;10;15;5;32696;32884
petersen;MINDOM;10;15;5;60054;60066
petersen;MAXCONSTRAINTS;10;15;5;60033;60039
petersen;DOMOVERWDEG;10;15;5;31058;36122
petersen;ACTIVITY;10;15;5;13881;15291
petersen;INTVAR;10;15;5;60053;59650
petersen;RANDOM;10;15;5;60030;60040
clebsh;DEFAULT;16;40;8;62448;61920
clebsh;MINDOM;16;40;6;60215;60263
clebsh;MAXCONSTRAINTS;16;40;7;60425;60457
clebsh;DOMOVERWDEG;16;40;6;60299;60312
clebsh;ACTIVITY;16;40;6;60551;60633
clebsh;INTVAR;16;40;6;60219;60239
clebsh;RANDOM;16;40;7;60397;60442
graph0;DEFAULT;6;6;4;33;36
graph0;MINDOM;6;6;4;15;18
graph0;MAXCONSTRAINTS;6;6;4;766;339
graph0;DOMOVERWDEG;6;6;4;11;17
graph0;ACTIVITY;6;6;4;26;30
graph0;INTVAR;6;6;4;16;17
graph0;RANDOM;6;6;4;688;313
graph1;DEFAULT;6;12;4;87;79
graph1;MINDOM;6;12;4;48;62
graph1;MAXCONSTRAINTS;6;12;4;315;400
graph1;DOMOVERWDEG;6;12;4;50;64
graph1;ACTIVITY;6;12;4;74;96
graph1;INTVAR;6;12;4;47;49
graph1;RANDOM;6;12;4;314;408
graph2;DEFAULT;8;16;5;2196;2252
graph2;MINDOM;8;16;5;3283;3347
graph2;MAXCONSTRAINTS;8;16;5;56490;60026
graph2;DOMOVERWDEG;8;16;5;3101;3454
graph2;ACTIVITY;8;16;5;1933;2422
graph2;INTVAR;8;16;5;3333;3446
graph2;RANDOM;8;16;5;57521;60027
graph3;DEFAULT;6;9;3;12;16
graph3;MINDOM;6;9;3;5;5
graph3;MAXCONSTRAINTS;6;9;3;49;31
graph3;DOMOVERWDEG;6;9;3;7;8
graph3;ACTIVITY;6;9;3;17;18
graph3;INTVAR;6;9;3;5;5
graph3;RANDOM;6;9;3;52;31
graph4;DEFAULT;7;14;3;31;29
graph4;MINDOM;7;14;3;13;15
graph4;MAXCONSTRAINTS;7;14;3;30;38
graph4;DOMOVERWDEG;7;14;3;23;22
graph4;ACTIVITY;7;14;3;38;40
graph4;INTVAR;7;14;3;14;15
graph4;RANDOM;7;14;3;31;40
graph5;DEFAULT;8;19;4;572;476
graph5;MINDOM;8;19;4;309;330
graph5;MAXCONSTRAINTS;8;19;4;1378;884
graph5;DOMOVERWDEG;8;19;4;151;244
graph5;ACTIVITY;8;19;4;263;286
graph5;INTVAR;8;19;4;301;323
graph5;RANDOM;8;19;4;1389;892
graph6;DEFAULT;8;7;4;154;182
graph6;MINDOM;8;7;4;194;249
graph6;MAXCONSTRAINTS;8;7;4;18718;23898
graph6;DOMOVERWDEG;8;7;4;123;21
graph6;ACTIVITY;8;7;4;37;56
graph6;INTVAR;8;7;4;194;253
graph6;RANDOM;8;7;4;18667;24487
graph7;DEFAULT;10;9;4;310;35
graph7;MINDOM;10;9;4;1023;1241
graph7;MAXCONSTRAINTS;10;9;4;60009;60011
graph7;DOMOVERWDEG;10;9;4;1282;53
graph7;ACTIVITY;10;9;4;62;76
graph7;INTVAR;10;9;4;1020;1234
graph7;RANDOM;10;9;4;60011;60012
graph8;DEFAULT;12;11;4;634;115
graph8;MINDOM;12;11;4;5144;6280
graph8;MAXCONSTRAINTS;12;11;4;60011;60014
graph8;DOMOVERWDEG;12;11;4;33580;3562
graph8;ACTIVITY;12;11;4;69;91
graph8;INTVAR;12;11;4;5152;6320
graph8;RANDOM;12;11;4;60009;60018
graph9;DEFAULT;14;13;4;713;77
graph9;MINDOM;14;13;4;25254;29910
graph9;MAXCONSTRAINTS;14;13;4;60014;60015
graph9;DOMOVERWDEG;14;13;4;73;90
graph9;ACTIVITY;14;13;4;127;161
graph9;INTVAR;14;13;4;25524;30336
graph9;RANDOM;14;13;4;60013;60017
graph10;DEFAULT;12;11;5;13752;14102
graph10;MINDOM;12;11;5;60626;60927
graph10;MAXCONSTRAINTS;12;11;5;60690;60424
graph10;DOMOVERWDEG;12;11;5;10855;43151
graph10;ACTIVITY;12;11;5;3347;4136
graph10;INTVAR;12;11;5;60623;60933
graph10;RANDOM;12;11;5;60682;60409
graph11;DEFAULT;4;2;2;1;2
graph11;MINDOM;4;2;2;2;1
graph11;MAXCONSTRAINTS;4;2;2;2;4
graph11;DOMOVERWDEG;4;2;2;2;1
graph11;ACTIVITY;4;2;2;2;2
graph11;INTVAR;4;2;2;1;2
graph11;RANDOM;4;2;2;2;1
graph12;DEFAULT;10;6;4;2323;3497
graph12;MINDOM;10;6;4;4328;7325
graph12;MAXCONSTRAINTS;10;6;4;60013;60016
graph12;DOMOVERWDEG;10;6;4;572;778
graph12;ACTIVITY;10;6;4;76;104
graph12;INTVAR;10;6;4;4247;7076
graph12;RANDOM;10;6;4;60010;60016
graph13;DEFAULT;12;8;4;30378;18882
graph13;MINDOM;12;8;4;24285;38263
graph13;MAXCONSTRAINTS;12;8;4;60009;60011
graph13;DOMOVERWDEG;12;8;4;14291;24999
graph13;ACTIVITY;12;8;4;781;1231
graph13;INTVAR;12;8;4;24508;37988
graph13;RANDOM;12;8;4;60008;60010
graph14;DEFAULT;14;10;5;60197;60185
graph14;MINDOM;14;10;5;61777;62831
graph14;MAXCONSTRAINTS;14;10;5;60022;60038
graph14;DOMOVERWDEG;14;10;5;60372;60593
graph14;ACTIVITY;14;10;5;4944;6003
graph14;INTVAR;14;10;5;61776;62828
graph14;RANDOM;14;10;5;60021;60029
graph15;DEFAULT;16;12;5;60026;60047
graph15;MINDOM;16;12;5;60384;60626
graph15;MAXCONSTRAINTS;16;12;5;60182;60317
graph15;DOMOVERWDEG;16;12;5;60244;60312
graph15;ACTIVITY;16;12;5;60021;60030
graph15;INTVAR;16;12;5;60389;60623
graph15;RANDOM;16;12;5;60183;60315
graph16;DEFAULT;18;14;5;60040;60056
graph16;MINDOM;18;14;5;60108;60171
graph16;MAXCONSTRAINTS;18;14;5;60025;60032
graph16;DOMOVERWDEG;18;14;5;60022;60031
graph16;ACTIVITY;18;14;5;60022;60033
graph16;INTVAR;18;14;5;60105;60171
graph16;RANDOM;18;14;5;60022;60031
graph17;DEFAULT;20;16;6;60094;62718
graph17;MINDOM;20;16;5;60108;60183
graph17;MAXCONSTRAINTS;20;16;5;60041;60064
graph17;DOMOVERWDEG;20;16;5;60053;60041
graph17;ACTIVITY;20;16;5;60046;60080
graph17;INTVAR;20;16;5;60110;60212
graph17;RANDOM;20;16;5;60061;60064
graph18;DEFAULT;8;8;4;245;408
graph18;MINDOM;8;8;4;689;826
graph18;MAXCONSTRAINTS;8;8;4;7076;13149
graph18;DOMOVERWDEG;8;8;4;234;246
graph18;ACTIVITY;8;8;4;202;270
graph18;INTVAR;8;8;4;686;823
graph18;RANDOM;8;8;4;7010;13150
graph19;DEFAULT;4;2;2;1;2
graph19;MINDOM;4;2;2;2;1
graph19;MAXCONSTRAINTS;4;2;2;1;2
graph19;DOMOVERWDEG;4;2;2;1;4
graph19;ACTIVITY;4;2;2;2;3
graph19;INTVAR;4;2;2;2;2
graph19;RANDOM;4;2;2;2;2
k5_minus_3_linked;DEFAULT;5;7;3;17;12
k5_minus_3_linked;MINDOM;5;7;3;6;8
k5_minus_3_linked;MAXCONSTRAINTS;5;7;3;9;11
k5_minus_3_linked;DOMOVERWDEG;5;7;3;7;7
k5_minus_3_linked;ACTIVITY;5;7;3;13;14
k5_minus_3_linked;INTVAR;5;7;3;6;8
k5_minus_3_linked;RANDOM;5;7;3;9;10
k5_minus_1;DEFAULT;5;9;4;27;28
k5_minus_1;MINDOM;5;9;4;14;16
k5_minus_1;MAXCONSTRAINTS;5;9;4;157;59
k5_minus_1;DOMOVERWDEG;5;9;4;17;15
k5_minus_1;ACTIVITY;5;9;4;41;38
k5_minus_1;INTVAR;5;9;4;15;24
k5_minus_1;RANDOM;5;9;4;158;56